and	72
for	72
model	72
of	72
on	72
learn	72
languag	71
from	71
with	71
use	71
in	71
the	71
semant	71
to	70
pars	70
word	69
extract	68
translat	67
structur	67
inform	66
machin	66
approach	66
base	65
text	65
improv	64
analysi	64
by	64
automat	64
featur	64
an	63
unsupervis	63
classif	63
depend	62
statist	62
entiti	62
sens	62
generat	61
tag	60
train	60
name	59
syntact	59
grammar	59
tree	58
system	58
data	58
detect	58
recognit	58
disambigu	58
sentenc	58
via	58
lexic	57
natur	57
similar	57
predict	57
evalu	57
linguist	56
distribut	56
align	56
induct	56
as	56
resolut	56
segment	56
relat	55
probabilist	55
cluster	55
question	55
parser	54
summar	54
knowledg	53
corefer	53
morpholog	53
algorithm	53
context	53
label	53
combin	53
joint	52
answer	52
spoken	51
select	51
domain	51
multilingu	51
vector	51
phrase	50
supervis	50
error	50
role	50
acquisit	50
speech	50
infer	50
identif	49
represent	49
identifi	49
lexicon	49
discrimin	49
dialogu	48
studi	48
effect	48
applic	48
chines	48
constraint	48
method	48
corpora	48
adapt	48
document	48
convers	47
web	47
discours	47
bayesian	47
optim	47
pattern	46
rule	46
task	46
measur	46
sequenc	46
bilingu	46
sentiment	46
comput	45
annot	45
corpus	45
correct	45
estim	45
retriev	45
exploit	45
process	44
topic	44
fast	44
semi-supervis	44
graph	43
larg	43
mine	43
express	42
activ	42
new	41
hierarch	41
latent	41
event	41
rank	41
search	41
toward	41
increment	41
multipl	40
part-of-speech	40
condit	40
opinion	40
parallel	39
user	39
queri	39
effici	39
decod	39
case	39
through	39
compar	39
kernel	39
robust	38
framework	38
space	38
qualiti	38
random	38
english	37
grammat	37
human	37
simpl	37
cross-lingu	37
integr	37
paraphras	37
explor	37
project	37
general	37
onlin	37
global	37
nlp	36
composit	36
classifi	36
hybrid	36
verb	36
phrase-bas	36
maximum	35
noun	35
argument	35
strategi	35
japanes	35
interact	35
it	35
bootstrap	35
network	35
tempor	34
resourc	34
empir	34
arab	34
induc	34
class	34
mean	34
categori	34
graph-bas	34
weight	33
large-scal	33
better	33
deep	33
refer	33
problem	33
interpret	32
term	32
into	32
construct	32
is	32
review	32
compress	32
field	32
link	32
rerank	32
pos	31
entropi	31
comparison	31
type	31
dictionari	31
logic	31
complex	31
sourc	31
support	31
program	31
understand	31
variat	31
over	31
factor	31
metric	31
entail	31
incorpor	30
order	30
minim	30
between	30
ground	30
scale	30
what	30
dynam	30
monolingu	30
social	30
attribut	29
local	29
categor	29
linear	29
function	29
techniqu	29
across	29
coher	29
multi-docu	29
transliter	29
without	29
unifi	28
can	28
markov	28
transform	28
set	28
autom	28
discoveri	28
prefer	28
assess	28
read	28
abstract	28
enhanc	28
ccg	28
reorder	28
neural	28
wikipedia	28
contextu	27
or	27
multimod	27
transfer	27
descript	27
map	27
aspect	27
sampl	27
regular	27
accur	27
implicit	27
imag	27
variabl	27
perform	26
normal	26
experi	26
dialog	26
associ	26
help	26
you	26
content	26
not	26
collect	26
investig	26
open	26
news	25
tagger	25
mt	25
treebank	25
ensembl	25
embed	25
textual	25
how	25
n-gram	25
are	25
sequenti	25
find	25
negat	25
pronoun	25
weak	25
convolut	25
fine-grain	25
media	25
that	24
their	24
level	24
constitu	24
hidden	24
share	24
build	24
german	24
novel	24
expans	24
frame	24
essay	24
recogn	24
score	24
person	24
target	24
emot	24
pair	24
product	24
do	23
state	23
chunk	23
spell	23
syntax	23
synchron	23
architectur	23
analyz	23
comprehens	23
perceptron	23
reinforc	23
short	23
predic	23
subject	23
prior	23
time	23
mention	23
two	22
unknown	22
approxim	22
unlabel	22
relev	22
concept	22
vocabulari	22
rate	22
rich	22
bridg	22
data-driven	22
minimum	22
respons	22
visual	22
twitter	22
evid	21
stochast	21
shallow	21
unit	21
relationship	21
scientif	21
feedback	21
definit	21
match	21
polar	21
smt	21
differ	21
walk	21
charact	21
decomposit	21
transition-bas	21
low-resourc	21
transduc	20
decis	20
articl	20
ambigu	20
complet	20
encod	20
recurs	20
dataset	20
solv	20
output	20
transcript	20
beyond	20
propag	20
continu	20
recurr	20
finite-st	19
co-occurr	19
prune	19
bias	19
biomed	19
control	19
code	19
summari	19
make	19
refin	19
lattic	19
transduct	19
spars	19
regress	19
heterogen	19
cross-domain	19
microblog	19
finit	18
input	18
noisi	18
medic	18
databas	18
correl	18
anaphora	18
challeng	18
domain-specif	18
question-answ	18
result	18
test	18
guid	18
resolv	18
memori	18
expect	18
spectral	18
at	18
stori	18
string	18
substitut	18
non-project	18
leverag	18
discuss	18
explicit	18
multi-task	18
post	18
distant	18
univers	18
crowdsourc	18
partial	17
probabl	17
high	17
log-linear	17
good	17
cross-languag	17
compound	17
appli	17
student	17
scope	17
context-fre	17
creat	17
mixtur	17
reduc	17
one	17
whi	17
agreement	17
correspond	17
extens	17
gender	17
more	17
taxonomi	17
fact	17
revisit	17
bidirect	17
scalabl	17
forum	17
stream	17
cascad	16
corpus-bas	16
util	16
wordnet	16
open-domain	16
vs	16
meet	16
index	16
boundari	16
accuraci	16
extend	16
learner	16
forest	16
syntax-bas	16
constrain	16
instanc	16
divers	16
direct	16
discov	16
game	16
focus	16
affect	16
recommend	16
related	16
object	16
nois	16
preposit	15
write	15
utter	15
sensit	15
hierarchi	15
import	15
compact	15
surfac	15
caption	15
what’	15
your	15
frequenc	15
flexibl	15
form	15
iter	15
phonolog	15
acquir	15
exampl	15
track	15
engin	15
zero	15
intent	15
when	15
contrast	15
fusion	15
margin	15
cognit	15
supertag	15
semi-markov	15
dialect	15
behavior	15
style	15
action	15
polit	15
communiti	15
tweet	15
talk	14
we	14
dependency-bas	14
independ	14
long	14
paramet	14
theori	14
formal	14
develop	14
filter	14
determin	14
pcfg	14
ontolog	14
plan	14
messag	14
situat	14
colloc	14
maxim	14
smooth	14
communic	14
modifi	14
context-sensit	14
edit	14
stack	14
multiword	14
impact	14
up	14
phrasal	14
length	14
coordin	14
templat	14
act	14
instruct	14
posterior	14
rewrit	14
relax	14
task-ori	14
specif	14
integ	14
driven	14
about	14
context-awar	14
point	14
citat	14
dirichlet	14
nativ	14
simplif	14
schema	14
keyphras	14
metaphor	14
autoencod	14
tensor	14
generic	13
memory-bas	13
adject	13
causal	13
difficulti	13
confid	13
posit	13
first	13
script	13
reduct	13
boost	13
phonet	13
aggreg	13
context-depend	13
versus	13
common	13
profil	13
systemat	13
orient	13
disfluenc	13
deriv	13
feature-rich	13
collabor	13
transit	13
loss	13
attent	13
determinist	13
fulli	13
pcfgs	13
end-to-end	13
pivot	13
knowledge-bas	13
document-level	13
narrat	13
chang	13
all	13
reason	12
power	12
choic	12
world	12
confer	12
reader	12
author	12
altern	12
doe	12
enrich	12
clinic	12
properti	12
paradigm	12
need	12
gate	12
hard	12
augment	12
distanc	12
view	12
get	12
fill	12
gaussian	12
matrix	12
cost	12
path	12
connect	12
qa	12
me	12
requir	12
binar	12
consist	12
reconstruct	12
simultan	12
tune	12
multi-domain	12
stanc	12
dual	12
sequence-to-sequ	12
usag	11
influenc	11
graphic	11
research	11
analog	11
group	11
mix	11
free	11
list	11
framenet	11
trainabl	11
named-ent	11
hmm	11
cognat	11
co-train	11
inflect	11
limit	11
realiz	11
empti	11
anteced	11
singl	11
commonsens	11
gap	11
expert	11
multi-parti	11
character-level	11
risk	11
than	11
greedi	11
a*	11
keyword	11
paragraph	11
cross-docu	11
some	11
token	11
span	11
multi-lingu	11
densiti	11
record	11
log	11
massiv	11
two-stag	11
which	11
this	11
anchor	11
belief	11
character	11
multi-label	11
higher-ord	11
eye	11
matter	11
work	11
video	11
multi-level	11
tabl	11
soft	11
but	11
decipher	11
hypernym	11
mechan	11
decept	11
timelin	11
crowd	11
zero-shot	11
slot	11
rnn	11
lstm	11
manag	10
nomin	10
heurist	10
assign	10
predicate-argu	10
within	10
practic	10
marker	10
wsd	10
email	10
compon	10
language-independ	10
handl	10
cohes	10
kernel-bas	10
tree-bas	10
pipelin	10
authorship	10
automata	10
exact	10
trigger	10
virtual	10
principl	10
svm	10
n-best	10
non-loc	10
chain	10
speaker	10
cross	10
captur	10
typolog	10
repres	10
be	10
ad	10
extern	10
readabl	10
look	10
weakly-supervis	10
under	10
sparsiti	10
shift-reduc	10
quantifi	10
sarcasm	10
submodular	10
multi-mod	10
geoloc	10
stock	10
histor	10
persuas	10
amr	10
where	9
go	9
attach	9
explan	9
prosod	9
ocr	9
em	9
special	9
pronunci	9
synthet	9
symbol	9
perspect	9
veri	9
particip	9
initi	9
revis	9
tool	9
advanc	9
cut	9
left-to-right	9
interfac	9
subcategor	9
most	9
strong	9
issu	9
entropy-bas	9
non-nat	9
discret	9
wide-coverag	9
combinatori	9
right	9
valid	9
ner	9
reliabl	9
distinguish	9
easi	9
verif	9
hpsg	9
thesaurus	9
success	9
spontan	9
number	9
precis	9
seed	9
earli	9
paper	9
head	9
rhetor	9
simul	9
among	9
signific	9
rare	9
benchmark	9
differenti	9
asr	9
lemmat	9
low	9
scheme	9
bottom-up	9
spatial	9
agent	9
thread	9
compos	9
sentence-level	9
modal	9
foreign	9
cheap	9
address	9
polici	9
linear-tim	9
pairwis	9
code-switch	9
report	9
movement	9
top-down	9
ideolog	9
scene	9
beam	9
lstms	9
attention-bas	9
math	9
adversari	9
korean	8
diverg	8
small	8
syllabl	8
fragment	8
referenti	8
prosodi	8
distil	8
updat	8
claus	8
cue	8
verbal	8
topolog	8
organ	8
bound	8
np	8
short-term	8
split	8
psycholinguist	8
word-level	8
grapheme-to-phonem	8
recov	8
reus	8
criteria	8
vote	8
bleu	8
redund	8
intern	8
reveal	8
consensus	8
suffix	8
equival	8
count	8
standard	8
disagr	8
separ	8
candid	8
anaphor	8
written	8
region	8
self-train	8
manual	8
speed	8
baselin	8
coarse-to-fin	8
subtre	8
nonparametr	8
seri	8
archiv	8
tree-to-str	8
infinit	8
judgment	8
out	8
mutual	8
unstructur	8
financi	8
literatur	8
faster	8
popul	8
have	8
hypothesi	8
gaze	8
togeth	8
adaptor	8
best	8
addit	8
custom	8
disentangl	8
blog	8
no	8
locat	8
attack	8
latent-vari	8
debat	8
sententi	8
creativ	8
intens	8
conceptu	8
ration	8
prototyp	8
subword	8
surpris	8
comment	8
demograph	8
million	8
multitask	8
rnns	8
real-tim	7
rule-bas	7
themat	7
headlin	7
indic	7
unif	7
chart	7
phonem	7
center	7
teach	7
access	7
vector-spac	7
adjoin	7
semi-structur	7
technic	7
second	7
full	7
introduct	7
american	7
oracl	7
tutor	7
survey	7
examin	7
net	7
auxiliari	7
motiv	7
element	7
algebra	7
salienc	7
penn	7
judgement	7
bracket	7
biograph	7
quantit	7
transformation-bas	7
predictor	7
bay	7
aid	7
passag	7
size	7
coupl	7
ask	7
rival	7
key	7
recal	7
tutori	7
environ	7
trace	7
supersens	7
repair	7
shift	7
pragmat	7
web-bas	7
lattice-bas	7
metadata	7
pyramid	7
distort	7
assist	7
chat	7
humor	7
confus	7
multi-word	7
esl	7
solut	7
propbank	7
legal	7
terminolog	7
salient	7
partit	7
state-of-the-art	7
pseudo	7
k-best	7
brain	7
quasi-synchron	7
book	7
us	7
them	7
creation	7
who	7
gradient	7
revers	7
simplifi	7
crfs	7
page	7
lda	7
co-refer	7
matric	7
decompos	7
idiom	7
nest	7
employ	7
voic	7
mani	7
take	7
tens	7
poetri	7
price	7
public	7
describ	7
emerg	7
background	7
low-rank	7
don’t	7
explain	7
abus	7
reward	7
encoder-decod	7
invit	6
implic	6
proper	6
pitch	6
negoti	6
domin	6
model-bas	6
impair	6
avoid	6
spam	6
balanc	6
procedur	6
north	6
proceed	6
nlg	6
call	6
electron	6
naiv	6
pack	6
forest-bas	6
may	6
clarif	6
plausibl	6
spot	6
produc	6
invert	6
polysemi	6
bitext	6
abbrevi	6
asymmetr	6
diacrit	6
metonymi	6
overcom	6
synonym	6
orthogon	6
competit	6
copi	6
learning-bas	6
fit	6
extractor	6
character-bas	6
phonotact	6
simpler	6
histori	6
grade	6
acoust	6
synthesi	6
recoveri	6
head-driven	6
factoid	6
way	6
punctuat	6
bring	6
stabil	6
intellig	6
hypothes	6
see	6
french	6
insert	6
hash	6
tell	6
status	6
text-bas	6
logist	6
paradigmat	6
non-parallel	6
harvest	6
pitman-yor	6
check	6
side	6
re-rank	6
broad-coverag	6
much	6
invari	6
realis	6
high-level	6
literari	6
middl	6
single-docu	6
merg	6
mandarin	6
first-ord	6
genr	6
multi-pass	6
convex	6
unseen	6
hypergraph	6
caus	6
incomplet	6
intrins	6
non-parametr	6
summaris	6
interpol	6
web-scal	6
alloc	6
user-gener	6
follow	6
navig	6
norm	6
optimis	6
asynchron	6
multi-view	6
grid	6
origin	6
liter	6
har	6
three	6
signal	6
modif	6
task-specif	6
futur	6
freebas	6
like	6
aspect-bas	6
ordin	6
skip-gram	6
retrofit	6
syntax-awar	6
bandit	6
fine-tun	6
technolog	5
data-ori	5
achiev	5
constraint-bas	5
account	5
backoff	5
morphosyntact	5
famili	5
conll	5
chapter	5
close	5
multimedia	5
uniform	5
misspel	5
tagset	5
frame-semant	5
past	5
remov	5
old	5
chinese-english	5
concept-bas	5
audio	5
underspecifi	5
ellipsi	5
reaction	5
instance-bas	5
invers	5
bigram	5
oper	5
cfgs	5
node	5
rescor	5
valu	5
generalis	5
restor	5
lr	5
bayes-risk	5
manipul	5
guidanc	5
pos-tagg	5
orthograph	5
viterbi	5
comma	5
gold	5
out-of-domain	5
phone	5
ibm	5
subsequ	5
put	5
plural	5
word-bas	5
hebrew	5
expand	5
biographi	5
large-margin	5
cultur	5
internet	5
discontinu	5
context-bas	5
both	5
symmetr	5
durat	5
progress	5
well	5
hypernymi	5
gazett	5
classic	5
unrestrict	5
nombank	5
extrem	5
tree-to-tre	5
frustrat	5
fluenci	5
binari	5
averag	5
central	5
affin	5
restrict	5
mont	5
carlo	5
idea	5
post-edit	5
statement	5
other	5
contradict	5
thesauri	5
it’	5
grow	5
dure	5
strength	5
less	5
tie	5
few	5
cube	5
fiction	5
trend	5
deciph	5
cipher	5
phylogenet	5
numer	5
break	5
enough	5
movi	5
truth	5
mcmc	5
equal	5
engag	5
lesson	5
titl	5
ani	5
normalis	5
consum	5
search-bas	5
forc	5
connot	5
interest	5
rumor	5
multi-sent	5
lyric	5
lightweight	5
pay	5
non-monoton	5
same	5
short-text	5
cross-mod	5
wikif	5
repetit	5
subgraph	5
code-mix	5
market	5
entity-centr	5
campaign	5
vision	5
multi-sens	5
embedding-bas	5
show	5
flow	5
imit	5
factual	5
lstm-base	5
claim	5
siames	5
chatbot	5
awar	5
give	5
cloze	5
multi-turn	5
pretrain	5
pointer	5
self-attent	5
denois	5
goal	4
multi-ag	4
accent	4
commit	4
rapid	4
consid	4
skill	4
pronomin	4
overview	4
workshop	4
increas	4
knowledge-fre	4
perfect	4
ie	4
rout	4
english-chines	4
physic	4
detector	4
coverag	4
bag	4
proof	4
gloss	4
problemat	4
human-comput	4
lead	4
pattern-bas	4
error-driven	4
rang	4
compil	4
encycloped	4
minimalist	4
signatur	4
maintain	4
morphem	4
domain-independ	4
multi-class	4
distinct	4
class-bas	4
svms	4
quantiti	4
hlt	4
richer	4
descent	4
street	4
sub-sententi	4
basi	4
onli	4
noisy-channel	4
biolog	4
backward	4
recognis	4
open-vocabulari	4
volum	4
befor	4
morph	4
uncertainti	4
stem	4
word-ord	4
almost	4
broad	4
implement	4
task-bas	4
present	4
bottleneck	4
on-demand	4
satisfact	4
proposit	4
drift	4
let’	4
exponenti	4
max-margin	4
calibr	4
plot	4
l1	4
russian	4
pool	4
inclus	4
entity-bas	4
compat	4
bursti	4
novelti	4
newswir	4
concept-to-text	4
arbitrari	4
sketch	4
cross-linguist	4
vocal	4
preprocess	4
modular	4
turkish	4
ccgbank	4
clue	4
ir	4
platform	4
doubl	4
phenomena	4
port	4
high-recal	4
observ	4
information-theoret	4
realli	4
difficult	4
out-of-vocabulari	4
benefit	4
noth	4
elicit	4
inventori	4
indirect	4
mild	4
alignment-bas	4
forest-to-str	4
triangul	4
diachron	4
experiment	4
conjunct	4
array	4
domain-adapt	4
made	4
semi-automat	4
romanian	4
non-composit	4
figur	4
srl	4
rational	4
itg	4
delet	4
know	4
fuzzi	4
word-charact	4
adjective-noun	4
stop	4
criterion	4
peopl	4
dimens	4
smaller	4
subspac	4
resource-poor	4
specul	4
cite	4
trust	4
learners’	4
dens	4
clausal	4
music	4
easy-first	4
peer	4
far	4
life	4
g2p	4
overlap	4
denot	4
age	4
ilp	4
multi	4
back	4
layer	4
insight	4
neighbor	4
multi-sourc	4
string-to-tre	4
source-sid	4
has	4
crosslingu	4
date	4
big	4
patient	4
customiz	4
formula	4
beam-search	4
concurr	4
stylist	4
analys	4
light	4
mind	4
sign	4
film	4
bad	4
utterance-level	4
failur	4
polyglot	4
recombin	4
modern	4
purpos	4
treatment	4
multi-rel	4
auto-encod	4
mooc	4
multi-granular	4
non-linear	4
hashtag	4
section	4
bank	4
dispar	4
pun	4
recip	4
non-standard	4
probe	4
geometri	4
miss	4
item	4
so	4
yet	4
monoton	4
cnns	4
neighborhood	4
thing	4
token-level	4
evolut	4
bi-direct	4
network-bas	4
perceiv	4
discourse-level	4
aspect-level	4
residu	4
semem	4
paraphrast	4
abil	4
back-transl	4
forget	4
just	4
cross-sent	4
fake	4
modul	4
acceler	4
multi-head	4
shape	3
lexical-funct	3
prenomin	3
exist	3
concis	3
spanish	3
multivari	3
pinyin	3
execut	3
faq	3
interleav	3
polynomial-tim	3
art	3
whole	3
likelihood	3
czech	3
part	3
travel	3
toolkit	3
lfg	3
brows	3
lambek	3
calculus	3
post-process	3
left	3
bilex	3
theorem	3
prover	3
hmm-base	3
websit	3
word-sens	3
intra-sent	3
format	3
broadcast	3
high-perform	3
turn	3
human-machin	3
potenti	3
qualit	3
lexico-semant	3
similarity-bas	3
randomis	3
acycl	3
psycholog	3
transcrib	3
dictat	3
left-corn	3
tone	3
syllabif	3
acronym	3
pure	3
wall	3
down	3
doesn’t	3
language-specif	3
found	3
companion	3
annual	3
they	3
learnabl	3
underspecif	3
unlexic	3
clean	3
supertagg	3
hyponymi	3
meta-learn	3
demonstr	3
speak	3
mode	3
multitext	3
homograph	3
ltag	3
given	3
mathemat	3
speech-bas	3
latin	3
educ	3
predomin	3
long-dist	3
anneal	3
geometr	3
capabl	3
mismatch	3
leaf	3
capit	3
effort	3
boosting-bas	3
request	3
fix	3
ml	3
gibb	3
adjectiv	3
trigram	3
block	3
while	3
web-deriv	3
self-learn	3
methodolog	3
extrins	3
shortest	3
prime	3
multi-perspect	3
individu	3
quantif	3
monologu	3
query-focus	3
english-hindi	3
lexicalized-grammar	3
variant	3
verbnet	3
reusabl	3
illustr	3
say	3
edg	3
cover	3
mark	3
convent	3
outlier	3
fully-lexic	3
nugget	3
will	3
citation-bas	3
phraset	3
protein	3
congression	3
tailor	3
re-examin	3
mitig	3
world’	3
end	3
synset	3
ancient	3
sound	3
multi-resolut	3
collaps	3
vowel	3
jeopardi	3
history-bas	3
low-qual	3
lms	3
blend	3
mst	3
memor	3
forecast	3
facet	3
avail	3
hmms	3
letter-to-phonem	3
crf	3
sport	3
writer	3
n-gram-bas	3
justif	3
vector-bas	3
why-quest	3
critic	3
cooper	3
cross-cultur	3
tree-adjoin	3
lexicalis	3
wizard-of-oz	3
credibl	3
feature-bas	3
deduct	3
high-precis	3
idiomat	3
babi	3
facilit	3
layout	3
non-expert	3
q&a	3
multiparti	3
self	3
graph-theoret	3
word-pair	3
ontonot	3
stress	3
pre	3
penalti	3
cach	3
translation-bas	3
lie	3
academ	3
design	3
come	3
permut	3
shrink	3
tree-substitut	3
turn-tak	3
second-ord	3
feasibl	3
human-in-the-loop	3
exemplar	3
transport	3
clickthrough	3
overt	3
eeg	3
syntagmat	3
buffer	3
click	3
bilingually-constrain	3
scalar	3
piecewis	3
matrix-spac	3
phylogeni	3
line	3
album	3
evolutionari	3
inspect	3
appropri	3
minimally-supervis	3
pilot	3
love	3
unseg	3
child-direct	3
urdu	3
enlarg	3
off	3
holder	3
budget	3
reformul	3
scienc	3
encourag	3
serious	3
presenc	3
constant	3
prefix	3
non-isomorph	3
portabl	3
live	3
taxonom	3
stay	3
lagrangian	3
feed	3
in-domain	3
introduc	3
translationes	3
stylometr	3
nearest	3
infix	3
suggest	3
subgroup	3
co-extract	3
wrong	3
place	3
ranking-bas	3
minor	3
interlingu	3
goal-driven	3
imbalanc	3
linguistically-motiv	3
discontigu	3
higher	3
instanti	3
neighbour	3
winograd	3
type-supervis	3
converg	3
uniqu	3
time-seri	3
regression-bas	3
syntactic-semant	3
amort	3
high-ord	3
rest	3
unambigu	3
salad	3
inter-sent	3
burst	3
unravel	3
crf-base	3
inexact	3
gain	3
possess	3
basic	3
real-world	3
etymolog	3
polish	3
all-word	3
wiktionari	3
disast	3
replic	3
pmi	3
gpus	3
orthographi	3
tensor-bas	3
behaviour	3
preorder	3
pivot-bas	3
hub	3
storylin	3
quotat	3
brand	3
depress	3
recent	3
that’	3
scenario	3
provabl	3
repeat	3
intervent	3
hallucin	3
arithmet	3
photograph	3
if	3
link-bas	3
digit	3
3d	3
granular	3
cours	3
cook	3
popular	3
zero-resourc	3
inject	3
segment-level	3
word2vec	3
care	3
mr	3
roug	3
simil	3
prerequisit	3
premis	3
capac	3
percept	3
health	3
reddit	3
transpar	3
curriculum	3
propos	3
privaci	3
law	3
convinc	3
target-sid	3
diseas	3
canon	3
alzheimer’	3
tv	3
robot	3
deeper	3
preserv	3
drop	3
dimension	3
dementia	3
storytel	3
hindi-english	3
friend	3
span-bas	3
cold-start	3
equat	3
listen	3
lift	3
bibl	3
amr-to-text	3
also	3
agre	3
next	3
retrieval-bas	3
self-regul	3
counsel	3
one-shot	3
position-awar	3
gan	3
multi-grain	3
too	3
happen	3
emoji	3
mover’	3
dropout	3
counterfactu	3
crimin	3
box	3
graph-to-sequ	3
text-to-sql	3
debias	3
attend	3
uncov	3
sanskrit	3
few-shot	3
disjoint	3
capsul	3
multi-hop	3
pre-train	3
play	3
hate	3
goal-ori	3
data-to-text	3
here	2
entropy/minimum	2
supplement	2
amount	2
non-concaten	2
root	2
assumpt	2
channel	2
agglutin	2
graphem	2
specifi	2
notion	2
wide	2
encyclopedia	2
dot	2
diagnost	2
computer-assist	2
thai	2
attribute-valu	2
lazi	2
alli	2
cost-sensit	2
genet	2
xml	2
substructur	2
air	2
presupposit	2
evolv	2
map-bas	2
lexical-semant	2
concaten	2
anomali	2
unification-bas	2
switch	2
occurr	2
nonloc	2
per	2
preced	2
entri	2
serial	2
voicemail	2
shallow-pars	2
theoret	2
against	2
planner	2
trial	2
portugues	2
darpa	2
multidimension	2
pp-attach	2
syntactico-semant	2
maximum-entropi	2
lane	2
e-mail	2
restructur	2
headword	2
swedish	2
machine-learn	2
ot	2
pattern-match	2
constanc	2
necess	2
thumb	2
verb-particl	2
adaboost	2
alway	2
theme	2
hous	2
grasp	2
letter	2
two-dimension	2
pp	2
placement	2
multiple-sequ	2
tight	2
chunker	2
italian	2
metagrammar	2
source-channel	2
self-organ	2
chunk-bas	2
harder	2
countabl	2
hand-craft	2
model-theoret	2
face-to-fac	2
lsa	2
unannot	2
hundr	2
thousand	2
hlt-naacl	2
part-whol	2
condens	2
cyclic	2
trec	2
markup	2
inuktitut	2
proxim	2
pseudoword	2
lm	2
paus	2
unigram	2
connectionist	2
regulatori	2
pubm	2
clariti	2
delay	2
untag	2
reliev	2
pcfg-base	2
factoris	2
longest	2
superior	2
formul	2
calcul	2
two-phas	2
catch	2
deal	2
complementari	2
value-bas	2
morpho-syntact	2
eye-track	2
empirically-bas	2
text-to-text	2
cfg	2
pseudo-project	2
star	2
spin	2
maxent	2
data-defin	2
child	2
longer	2
treelet	2
crosslinguist	2
fail	2
various	2
verb-noun	2
arabic-english	2
phrase-level	2
toponym	2
inconsist	2
f-measur	2
multi-way	2
protein-protein	2
non-contigu	2
hiero	2
non-english	2
orthonorm	2
lectur	2
path-bas	2
accept	2
human-human	2
naturalist	2
intra	2
cross-pair	2
elimin	2
segment-bas	2
zero-anaphora	2
morpheme-bas	2
guess	2
can’t	2
beat	2
advic	2
prototype-driven	2
context-rich	2
lower	2
these	2
polynomi	2
period	2
laplacian	2
inspir	2
vine	2
wisdom	2
fals	2
noun-verb	2
ungrammat	2
quadrat	2
cross-entropi	2
toppl	2
web-search	2
enforc	2
unlimit	2
syntactifi	2
re-evalu	2
opposit	2
floor-deb	2
unmask	2
echo	2
substring-bas	2
lambda	2
hedg	2
conson	2
constraint-driven	2
home	2
sight	2
fine-to-coars	2
nonproject	2
matrix-tre	2
ledir	2
golomb	2
resource-scarc	2
rbmt	2
pan-chines	2
re-align	2
verb-object	2
v-measur	2
ranknet	2
third-parti	2
business-ori	2
contact	2
bloom	2
tera-scal	2
parsimoni	2
ltag-bas	2
ancestor-descend	2
mavenrank	2
influenti	2
member	2
senat	2
entrop	2
imbal	2
malt	2
tree-rank	2
discard	2
crystal	2
aspect-evalu	2
aspect-of	2
html	2
desr	2
covington	2
passive-aggress	2
pro3gr	2
rasp	2
conll07	2
newton	2
main	2
promin	2
conflict	2
source-languag	2
interv	2
was	2
ranker	2
many-to-mani	2
inferenti	2
well-nested	2
iceland	2
articulatori	2
multi-target	2
easier	2
aac	2
bore	2
weblog	2
neutral	2
non-referenti	2
tradeoff	2
tradit	2
2.0	2
speech-to-text	2
specialist	2
hoc	2
hindi	2
mdl	2
stereotyp	2
string-to-depend	2
agenda	2
sat	2
start	2
poor	2
entity-ment	2
parenthet	2
hyponym	2
linkag	2
pick	2
mdl-base	2
one-class	2
uncertain	2
harri	2
mass	2
hypertext	2
tale	2
spread	2
subsententi	2
multi-scal	2
non-neg	2
syntax-driven	2
salesman	2
cumul	2
sequence-label	2
fmri	2
beneath	2
sms	2
learnt	2
human-robot	2
fan-out	2
misconcept	2
wordnet-bas	2
intersect	2
right-corn	2
busi	2
linguistically-bas	2
dollar	2
semantic-bas	2
consequ	2
minimum-risk	2
credit	2
repositori	2
turk	2
auto-pars	2
respond	2
stream-bas	2
unbound	2
polylingu	2
autocorrect	2
zone	2
perplex	2
substr	2
googl	2
stratifi	2
preliminari	2
third-ord	2
declar	2
rather	2
highlight	2
game-theoret	2
strict	2
scratch	2
lost	2
extra-linguist	2
command	2
word-class	2
year	2
knowledge-rich	2
drive	2
zipfian	2
ibm-3	2
amazon	2
naacl	2
devic	2
advertis	2
multi-prototyp	2
hit	2
oov	2
slice	2
loop	2
sense-tag	2
piec	2
adjac	2
nontermin	2
enabl	2
type-bas	2
steganographi	2
brown	2
quantiz	2
contour	2
softmax-margin	2
step	2
aspect-senti	2
display	2
detail	2
holist	2
viewpoint	2
rhyme	2
meter	2
infrequ	2
fuse	2
siev	2
rhythmic	2
further	2
uptrain	2
branch	2
pos-tag	2
known	2
structured-predict	2
attitud	2
geograph	2
target-depend	2
meant	2
homophon	2
imagin	2
oppos	2
pronounc	2
elementari	2
raw	2
filler	2
profession	2
non-profession	2
sociolinguist	2
infant	2
l0-norm	2
instead	2
lookahead	2
delexic	2
plain	2
multilay	2
divid	2
conquer	2
concret	2
board	2
covari	2
entir	2
depth	2
aspect-ori	2
re-us	2
flu	2
haptic	2
oral	2
text-level	2
ident	2
co-rank	2
mixed-effect	2
e-commerc	2
hello	2
ecolog	2
emnlp	2
autobiograph	2
schizophren	2
healthi	2
membership	2
entity-top	2
phrase-discov	2
scfgs	2
alphabet	2
predict-self	2
reestim	2
multi-inst	2
“ai	2
readability”	2
gap-mind	2
chunk-level	2
medicin	2
compet	2
transliteration-bas	2
excitatori	2
inhibitori	2
dependency-and-boundari	2
cut—delay	2
column	2
row	2
quot	2
sshlda	2
re-train	2
behind	2
unlink	2
showdown	2
corral	2
patti	2
space-effici	2
storag	2
document-wid	2
matrix-vector	2
multi-siev	2
“this-issue”	2
quiz	2
master	2
food	2
wiki-li	2
join	2
event-rel	2
acoustic-prosod	2
entrain	2
appl	2
poem	2
everi	2
batch	2
children’	2
bulli	2
low-dimension	2
choos	2
bill	2
entity-level	2
ucca	2
thesi	2
persona	2
man	2
glossari	2
think	2
valenc	2
margin-bas	2
hyperedg	2
replac	2
keep	2
never	2
there	2
citi	2
pointwis	2
incompat	2
multi-dimension	2
addresse	2
syntax-aug	2
peak	2
inter-annot	2
singleton	2
subset	2
ppdb	2
fear	2
multi-step	2
whom	2
visibl	2
servic	2
proport	2
shell	2
strateg	2
trade	2
multi-object	2
discourse-driven	2
acl	2
extra	2
explanatori	2
assembl	2
verbos	2
eat	2
promot	2
portal	2
desegment	2
kneser-ney	2
manifold	2
document-specif	2
l2	2
response-bas	2
non-factoid	2
two-step	2
semiparametr	2
earn	2
smart	2
prompt	2
sentiment-specif	2
roman	2
puzzl	2
partial-label	2
multi-pred	2
shortest-path	2
daili	2
keyboard	2
inside-outsid	2
high-dimension	2
type-driven	2
lexica	2
sense-level	2
keystrok	2
multinomi	2
coarse-grain	2
flyer	2
search-awar	2
major	2
multi-column	2
perceptu	2
unalign	2
event-driven	2
debug	2
user’	2
scarc	2
imput	2
legisl	2
tree-structur	2
symptom	2
occup	2
out-of	2
multichannel	2
count-bas	2
portmanteau	2
multiview	2
cca	2
borrow	2
imperfect	2
after	2
femal	2
men	2
domest	2
word-embed	2
entity/event-level	2
shop	2
nation	2
trait	2
shade	2
multi-lay	2
bird	2
travers	2
incid	2
corpus-level	2
overal	2
back-off	2
reflect	2
confound	2
intra-sententi	2
rst	2
low-level	2
necessari	2
scholar	2
reproduc	2
steganograph	2
rumour	2
100%	2
off-top	2
fall	2
regularization-bas	2
meta-embed	2
commentari	2
convincing	2
emb	2
secur	2
on-lin	2
omiss	2
tini	2
non-termin	2
knowledge-guid	2
diversity-promot	2
black	2
obvious	2
icon	2
non-liter	2
particl	2
cross-genr	2
declin	2
ten	2
lifelong	2
moment	2
subev	2
vqa	2
african-american	2
sequence-level	2
poetic	2
key-valu	2
cast	2
emphasi	2
color	2
variable-ord	2
stronger	2
suit	2
reference-less	2
did	2
mention-rank	2
time-awar	2
squad	2
obtain	2
friendship	2
interperson	2
pointer-gener	2
optimization-bas	2
therapi	2
characterist	2
combat	2
traffick	2
malwar	2
volatil	2
axiomat	2
teacher-stud	2
riemannian	2
1-endpoint-cross	2
pagenumber-2	2
should	2
essenti	2
artifici	2
obligatori	2
mimick	2
ngram	2
fixed-s	2
rotat	2
black-box	2
pu	2
rephras	2
blank	2
away	2
segmentation-fre	2
textbook	2
tackl	2
solver	2
inher	2
my	2
memory-aug	2
polic	2
character-awar	2
satir	2
grain	2
multi-aspect	2
inter-depend	2
finish	2
dnn	2
afford	2
high-qual	2
task-complet	2
exhaust	2
specialis	2
dilat	2
charg	2
duplic	2
sharp	2
vari	2
fact-check	2
manifesto	2
outcom	2
sql	2
intermedi	2
deconvolut	2
reference-bas	2
cloze-styl	2
target-ori	2
unpair	2
cycl	2
diffus	2
chess	2
heavi	2
paragraph-level	2
multi-passag	2
dag	2
numeraci	2
dyna-q	2
wild	2
subword-level	2
nli	2
2d	2
empow	2
aim	2
minimal-resourc	2
dream	2
shared-priv	2
spurious	2
privacy-preserv	2
testb	2
on-devic	2
prose	2
non-autoregress	2
distantly-supervis	2
topic-awar	2
semantic-awar	2
hunt	2
dualiti	2
quac	2
n-ari	2
energi	2
re-weight	2
sexual	2
harass	2
multi-context	2
ime	2
programmer-interpret	2
exagger	2
cross-top	2
scaffold	2
fidel	2
addition-subtract	2
linguistically-inform	2
trustworthi	2
bio	2
multi-channel	2
data-effici	2
nmt	2
catastroph	2
bert	2
perturb	2
fluent	2
wasserstein	2
phrase-pattern-bas	1
tree-gram	1
basenp	1
cost-effici	1
zero-pronoun	1
non-pronomin	1
morphotact	1
detecting/correct	1
word-match	1
assum	1
query-relev	1
one-pag	1
memory-effici	1
thread-saf	1
quasi-destruct	1
optimality-theoret	1
word-spac	1
chinese-korean	1
application-ori	1
theory’	1
rough-shift	1
band	1
multi-compon	1
automatically-extract	1
information-theory-bas	1
pen	1
machine-aid	1
dimension-reduc	1
distribution-bas	1
panel	1
philippin	1
indonesia	1
vietnames	1
texts,on	1
vietnam	1
india	1
malaysia	1
fourth	1
our	1
ignorance’	1
‘signal’	1
overfit	1
inferenc	1
default	1
wpdv	1
conll-2000	1
lexical-contextu	1
single-classifi	1
processor	1
corpor	1
intranet	1
inthelex	1
sixth	1
1st	1
anlp-naacl	1
bustuc	1
bus	1
partsid	1
dialogue-bas	1
plan-bas	1
lexico-structur	1
talk’n’travel	1
ree	1
dp	1
mimic	1
javox	1
speech-en	1
meta-output	1
transcheck	1
computer-aid	1
suspect	1
general-knowledg	1
molecular	1
bind	1
aggress	1
tnt	1
divide-and-conqu	1
sub-typ	1
danish	1
scarri	1
scenario-level	1
corpus-deriv	1
testsuit	1
instrument	1
oblig	1
genre-independ	1
word-for-word	1
corpus-induc	1
subordin	1
maximum-entropy-inspir	1
mostly-unsupervis	1
kanji	1
acknowledg	1
redupl	1
one-level	1
“each	1
other”	1
artfl’	1
encyclopédi	1
sigdat	1
intellectu	1
coax	1
freind	1
chuck	1
intergr	1
genre/top	1
genom	1
low-cost	1
dumber	1
beta	1
rule-induct	1
mbdp-1	1
rag	1
non-verb	1
immediate-head	1
xml-base	1
prepar	1
topic-focus	1
vp	1
function-argu	1
statistical-bas	1
deaf	1
advantag	1
tractabl	1
closur	1
cetempúblico	1
governor	1
environment-bas	1
nfas	1
lingo	1
winnow	1
wh-question	1
self-organis	1
class-to-class	1
conll-2001	1
mixture-of-expert	1
anim	1
tree-cut	1
re-engin	1
letter-to-sound	1
information-bas	1
multipath	1
earley	1
tabular	1
cfg-base	1
you’r	1
’round	1
within-sent	1
english-korean	1
anti-spam	1
bin	1
k-tobi	1
decid	1
generation-bas	1
non-recurs	1
constituent-context	1
subcategoris	1
journal	1
troubl	1
archictectur	1
weaker	1
upper	1
votedperceptron	1
forjapanes	1
coling-02	1
6th	1
conll-2002	1
unextract	1
typed-unif	1
person-day	1
yield	1
cross-dataset	1
card	1
fisher	1
slinerc	1
sydney	1
adjunct	1
extent	1
phrase-based,joint	1
user-friend	1
least	1
speech-driven	1
superarv	1
askmsr	1
introspect	1
41st	1
offlin	1
polysem	1
japanese-english	1
loos	1
sister-head	1
topp	1
word-mean	1
truecas	1
lfg-tag	1
tabulation-bas	1
knowledge-engin	1
parametr	1
counter-train	1
k-valu	1
non-associ	1
dutch	1
snow	1
svm-base	1
optimum	1
except	1
phrasenet	1
‘smart’	1
feature-tag	1
conll-2003	1
perceptron-bas	1
one-step	1
web-enhanc	1
cogex	1
web-train	1
mileag	1
class-depend	1
ebmt	1
category-bas	1
despar	1
seek	1
cebuano	1
auditory-bas	1
low-snr	1
car	1
text-to-speech	1
trajectori	1
coerciv	1
two-level	1
plethora	1
inequ	1
other-anaphora	1
howtogetachinesename(ent	1
constructivist	1
tag-bas	1
expertis	1
wsj	1
coreferenti	1
mention-synchron	1
bell	1
sentence-align	1
ideograph	1
gene	1
metalinguist	1
mop	1
non-statist	1
human-provid	1
computer-human	1
penn-ii	1
ldoce	1
coherence-bas	1
centering-bas	1
bioscienc	1
bodi	1
parallel-text	1
multi-engin	1
fsa	1
c++	1
wrap	1
qa-by-dossier-with-contraint	1
multi-criteria-bas	1
skip-bigram	1
4-gram	1
pca	1
flsa	1
conll-2004	1
thunderdom	1
salience-bas	1
gesture-speech	1
queu	1
rasch	1
sentence-intern	1
ensemble-bas	1
smorgasbord	1
tao	1
chi	1
semantc	1
non)util	1
source-pair	1
total	1
verbocean	1
very-non-parallel	1
parsin	1
labellin	1
object-extract	1
question-pars	1
document/abstract	1
modelin	1
attribute-bas	1
resource-light	1
broken	1
unvowelis	1
tex	1
one-at-a-tim	1
all-at-onc	1
littl	1
lo	1
“speech	1
acts”	1
log-likelihood-ratio	1
nonstructur	1
lexpagerank	1
prestig	1
textrank	1
wfst	1
error-correct	1
logarithm	1
respect	1
statistics-bas	1
question-bias	1
multilogu	1
fragments—us	1
non-sententi	1
larger	1
qarla	1
digest	1
“geek”	1
relay	1
treebanking—blaz	1
telephon	1
multi-field	1
resum	1
fell	1
swoop	1
synonymi	1
re-occurr	1
uneven	1
conll-2005	1
sub-categor	1
libsvm	1
lsa-bas	1
redundancy-bas	1
neuralign	1
i’ll	1
occupation-rel	1
inner-out	1
ravenclaw	1
comp	1
ling	1
dyna	1
single-snippet	1
occur	1
boot	1
homonymi	1
large-vocabulari	1
cluster-specif	1
easiest-first	1
hidden-vari	1
laugh	1
mona	1
knowitnow	1
cost-benefit	1
phone-mann	1
implicatur	1
evita	1
blanc	1
role-semant	1
scatter	1
genit	1
v-n	1
question-focus	1
opqa	1
notebook	1
multilabel	1
joystick	1
voice-bas	1
motor	1
aer	1
meaning	1
espresso	1
vehicl	1
morphology-syntax	1
slash	1
move	1
task-driven	1
lasso	1
feedback-aug	1
intra-lex	1
inter	1
dom	1
questionbank	1
parse-annot	1
semi-quantit	1
character-bigram	1
ultra	1
mt-base	1
recency-vector	1
loanword	1
mongolian	1
japanese-mongolian	1
magead	1
multi-tag	1
parts-of-speech	1
phoneme-to-text	1
call-cent	1
unless	1
flat	1
all-subtre	1
string-kernel	1
jibiki	1
lexalp	1
cost-effect	1
phonetic-bas	1
textbas	1
widl-express	1
punjabi	1
mission	1
dop	1
subtitl	1
u-dop	1
front	1
conll-x	1
multilanguag	1
lingpar	1
naist	1
sloven	1
bolster	1
deidentif	1
undertrain	1
multilevel	1
relabel	1
preemptiv	1
nugget-bas	1
built	1
spoken-docu	1
paraev	1
superl	1
dissimilar	1
concept-dist	1
spmt	1
syntactically-inform	1
hpsgs	1
subtask	1
f*r*i*e*n*d*s*	1
impress	1
bestcut	1
fold	1
domain-ori	1
skip-chain	1
hmm-lda	1
subsumpt	1
markov/semi-markov	1
tactic	1
manifold-bas	1
pseudo-neg	1
librari	1
‘okay’	1
sublanguag	1
erron	1
‘massiv	1
rosetta	1
stone’	1
qualia	1
non-random	1
mazurkiewicz	1
partition-bas	1
ado	1
estonian	1
cohesion-bas	1
psychiatr	1
career	1
ratio	1
efficiently-pars	1
unfold-fold	1
datalog	1
grammar-driven	1
tamper	1
concept-specif	1
formalism-independ	1
depbank	1
near-determinist	1
gleu	1
econometr	1
reput	1
pagerank	1
bollywood	1
boom-box	1
blender	1
parse-deriv	1
personag	1
bilingual-lsa	1
table-of-cont	1
seed-driven	1
sigmoid	1
english-persian	1
back-transliter	1
brawn	1
rescu	1
multi-parallel	1
m-estim	1
won’t	1
neither	1
assessor	1
accomplish	1
sub-goal	1
twin	1
absorb	1
worst-cas	1
weather	1
shorter	1
cross-inst	1
“annot	1
rationales”	1
reinform	1
information-st	1
mdp	1
grief	1
apprais	1
whose	1
probability-bas	1
action-item	1
near-synonym	1
bi-stream	1
morph-bas	1
rhetorical-semant	1
selection-and-ord	1
interlinear	1
phrase-t	1
two-pass	1
synchronous-cfg	1
how-quest	1
isp	1
conquest—an	1
open-sourc	1
affect-context	1
filter-bas	1
end-of-utter	1
irov	1
sub-matrix	1
singular	1
ilr-bas	1
non-target-norm	1
cross-channel	1
machine-transl	1
soundbit	1
rh	1
retro-hybrid	1
cmu/interact	1
gale	1
speech-input	1
certainti	1
doubt	1
intercod	1
epistem	1
morphological-lex	1
agenda-bas	1
pomdp	1
sound-to-letter/letter-to-sound	1
problem—or	1
so-pmi	1
tone-norm	1
reset	1
three-step	1
acl-08	1
wiki	1
pdt	1
maxsim	1
grammar-bas	1
broadcast-new	1
back-end	1
big-fiv	1
misus	1
hypertag	1
free-text	1
generalist	1
trimmer	1
synergi	1
roget‘	1
qa-system	1
reassess	1
intension	1
k-ariz	1
judg	1
giga-word	1
lexicon-bas	1
pretti	1
impact-bas	1
gestur	1
back-of-the-book	1
wambaya	1
phrased-bas	1
smt-base	1
twelfth	1
incoher	1
general-specif	1
selector	1
catchword	1
abc	1
pictori	1
nearest-neighbor	1
greek	1
speaker-bas	1
syntactic–semant	1
single-stag	1
purist	1
roleset	1
bilay	1
desrl	1
conll-2008	1
indirect-hmm-bas	1
crfs-base	1
cki	1
hotspot	1
triplet	1
casual	1
met	1
mapreduc	1
docket	1
stumbl	1
mous	1
htm	1
schemat	1
word-reord	1
barrier	1
cross-task	1
knowledge-constrain	1
topic-driven	1
low-ord	1
bleu-optim	1
cocqa	1
antonymi	1
idiom-specif	1
espresso-lik	1
english-spanish	1
soft-supervis	1
acl-ijcnlp	1
socialweb	1
brutus	1
alik	1
depeval(summ	1
structure-awar	1
tri-factor	1
metric-bas	1
contribut	1
5w	1
hyponymy-rel	1
l1-regular	1
linefe	1
untranscrib	1
concept-attribut	1
conundrum	1
quadratic-tim	1
sampler	1
crux	1
syntax-fre	1
application-driven	1
aviat	1
safeti	1
usabl	1
volunt	1
optimal-tim	1
tt-mctag	1
metalearn	1
user-adjust	1
reciproc	1
slide	1
glen	1
glenda	1
glendal	1
committee-bas	1
nvi	1
spectrum	1
feature-copi	1
mincut	1
spanish-english	1
children	1
word/charact	1
protolanguag	1
parsabl	1
tree-loc	1
multicompon	1
’doubt’	1
downward-entail	1
degrad	1
vocabulary-independ	1
alter	1
11,001	1
soften	1
subject-object-verb	1
wish	1
true	1
nonparameter	1
minimal-length	1
geo-centr	1
construct-driven	1
tied-mixtur	1
san	1
packag	1
graph-cut-bas	1
areal	1
semir	1
record-text	1
parse-and-paraphras	1
trigger-bas	1
geo-min	1
road	1
amazon’	1
actual	1
time-bas	1
cost-reduct	1
expectation-bas	1
flirt	1
mispercept	1
speed-dat	1
syntax-direct	1
accuracy-bas	1
monolingually-deriv	1
bistrat	1
topic-wis	1
sentiment-wis	1
otherwis	1
high-coverag	1
stimuli	1
windowless	1
window-bas	1
english-to-chines	1
btg-base	1
significance-bas	1
knowledge-sourc	1
term-weight	1
spellcheck	1
sinuh	1
gazpacho	1
summer	1
rash	1
based-on	1
hat	1
real-word	1
1t	1
3-gram	1
human-competit	1
resource-rich	1
argument-pred	1
frame-annot	1
mixed-collect	1
chemistri	1
weakest	1
non-align	1
noun-phras	1
systemt	1
pseudo-word	1
“was	1
provocative.”	1
importance-driven	1
turn-bid	1
rebank	1
babelnet	1
core-adjunct	1
sub-tre	1
hyphen	1
threshold	1
personal/imperson	1
syntax-to-morpholog	1
hindi-to-urdu	1
leaving-one-out	1
stagger	1
grammar-inform	1
non-explicit	1
topic-specif	1
multilanguage-compar	1
trustrank	1
tm	1
entity-aspect	1
multi-tool	1
owl/dl-bas	1
bargain	1
non-joint	1
automatically-pars	1
metadata-awar	1
rule/model-bas	1
letter-phonem	1
cross-ev	1
now	1
resumpt	1
in-vehicl	1
untangl	1
buck	1
cost-focus	1
non-contradictori	1
letter-substitut	1
all-frag	1
token-bas	1
“ask	1
you...”	1
pictur	1
worth	1
profit	1
mark-up	1
hyper-text	1
subtyp	1
pseudo-relev	1
sentence-bas	1
song	1
fifteen	1
class-inst	1
supertyp	1
2-planar	1
generalized-zero-preserv	1
clueless	1
knowledge-lean	1
recess	1
batch-mod	1
cross-capt	1
variance-regular	1
card-pyramid	1
mining-bas	1
qme	1
mobil	1
dialogue-ori	1
time-align	1
meteor	1
sahaptin	1
well-nest	1
revenu	1
time-effici	1
expositori	1
sake	1
simplic	1
human-target	1
untrain	1
“cba	1
spelling”	1
entity-cent	1
everybodi	1
cousin	1
cmm	1
option	1
painless	1
sitg	1
berkeley	1
initiation-respons	1
lvcsr	1
crandem	1
rank-bas	1
bitext-bas	1
subject-object	1
key-find	1
non-direct	1
leapfrog	1
“less	1
more”	1
viabil	1
pico	1
non-hierarch	1
contain	1
syntactic/semant	1
camtolog	1
geo-spati	1
cornerston	1
jubile	1
ksc-pal	1
simplifica	1
brazilian	1
microsoft	1
extra-sententi	1
turbo	1
maxent-lda	1
morpheme-word	1
“poetic”	1
crouch	1
harm	1
translingu	1
store	1
manner	1
clustering-bas	1
exophor	1
meta-evalu	1
decad	1
we’r	1
kansa	1
anymor	1
fertil	1
scfg	1
example-bas	1
nearly-context-sensit	1
zoom	1
vice	1
versa	1
chi-squar	1
latent-descriptor	1
syriac	1
type-level	1
one-on-on	1
wikiwar	1
pem	1
confidence-weight	1
srl-base	1
horn	1
function-bas	1
georeferenc	1
vertex	1
colour	1
hashing-bas	1
pscfg	1
coder	1
inter-domain	1
jig	1
lure	1
simhash	1
polarity-bear	1
quest	1
esol	1
inexpens	1
high-accuraci	1
zodiac	1
win	1
monte-carlo	1
histogram	1
matur	1
stretch	1
contenti	1
makn	1
sen	1
#twitter	1
beam-width	1
loopi	1
meta-constraint	1
full-scal	1
sub-word	1
pitch-acc	1
lexically-trigg	1
post-soci	1
handwrit	1
domain-centr	1
geodes	1
piggyback	1
template-bas	1
uncertain-input	1
split-merg	1
cross-ent	1
peel	1
secondari	1
nonlinear	1
factori	1
affect-enrich	1
error-tag	1
memory-inspir	1
paraphrase-bas	1
gappi	1
authori	1
non-respons	1
history-length	1
form-bas	1
session	1
spatiotempor	1
haitian	1
kreyol	1
meaning-preserv	1
uliss	1
k-nearest	1
normalized-cut	1
onto	1
double-dop	1
l1-induc	1
domain-assist	1
dependency-to-str	1
heuristics-fre	1
cross-annot	1
trans-tempor	1
corpus-guid	1
corrobor	1
cooooooooooooooollllllllllllll	1
lengthen	1
community’	1
tour	1
de	1
non-bottom-up	1
cache-bas	1
imputed-risk	1
katakana	1
coercion	1
re-scor	1
subsampl	1
event-aspect	1
semantically-enrich	1
lateen	1
investor	1
watermark	1
cross-cut	1
week	1
packed-shar	1
influenza	1
epidem	1
misinform	1
curv	1
pdtb-style	1
sit	1
timestamp	1
technicolor	1
frequency-adapt	1
“read	1
lines”	1
symbol-refin	1
re-writ	1
spice	1
metalanguag	1
canonic	1
had	1
precision-order-recal	1
chunk-to-str	1
adword	1
conll-2012	1
ict	1
ubiu	1
multigraph	1
statistic-bas	1
illinois-coref	1
ui	1
bart	1
goe	1
unitn	1
essex	1
submiss	1
naacl-hlt	1
sdctd	1
jest	1
organiz	1
multi-ev	1
disengag	1
uncertainty-adapt	1
hyter	1
meaning-equival	1
orang	1
ramp	1
sensibl	1
nomit	1
transahead	1
intra-speak	1
european	1
union	1
speech-to-speech	1
pinpoint	1
trait-bas	1
shallow-n	1
primari	1
sure	1
concav	1
context-enhanc	1
intelius	1
nicknam	1
billion	1
grab	1
lunch	1
folksonomi	1
sparsity-induc	1
autonom	1
self-assess	1
surviv	1
committe	1
51st	1
nondefici	1
ibm-4	1
quantification:toward	1
empower	1
chatroom	1
decentr	1
stop-prob	1
constituency-bas	1
cm	1
tall	1
have-not	1
nonconvex	1
multi-sententi	1
glossboot	1
pargrambank	1
pargram	1
name-awar	1
1:1	1
semisupervis	1
later	1
vertic	1
metaphor-rich	1
forward	1
lemmatis	1
flaw	1
microtext	1
multi-bottom-up	1
enlist	1
ghost	1
dpp-base	1
context-sens	1
child-produc	1
addressee’	1
user-centr	1
bigram-bas	1
dispers	1
non-tight	1
bilingually-guid	1
censor	1
indo-european	1
parser-centr	1
impar	1
derivbas	1
spred	1
casefram	1
headi	1
two-neighbor	1
cross-boundari	1
babel	1
dirt	1
crawl	1
sensespot	1
let	1
brainsup	1
brainstorm	1
text-driven	1
word-fin	1
/t/-delet	1
compositional-li	1
consonant-vowel	1
unsimplifi	1
chart-bas	1
web-text	1
paraphrase-driven	1
pedestrian	1
toler	1
offspr	1
reproduct	1
iaa	1
turker	1
inter-sententi	1
dash	1
philosoph	1
mortal	1
arc-eag	1
wsd-like	1
desir	1
word-morphem	1
multi-facet	1
hour	1
drug	1
retel	1
human-human-comput	1
sub-pars	1
held-out	1
south	1
african	1
six	1
coarsen	1
persian	1
minibatch	1
dudley	1
visit	1
london	1
mrf-base	1
ascent	1
lda-fram	1
embrac	1
nlp-base	1
bibliometr	1
down-stream	1
tree-to-depend	1
death	1
respel	1
reparameter	1
mt-in-the-middl	1
corrupt	1
multi-attribut	1
regret	1
disord	1
atyp	1
truthtel	1
drug-drug	1
infect	1
connector	1
quantum-theoret	1
just-in-tim	1
opaqu	1
multi-metr	1
k–best	1
communication-bas	1
gricean	1
pave	1
pseudosense-annot	1
mixed-languag	1
mace	1
participant-bas	1
event-bas	1
article-wid	1
animaci	1
freestyl	1
hip	1
hop	1
challenge-respons	1
co-composit	1
mctest	1
noise-awar	1
double-array	1
cataphor	1
win-los	1
conting	1
itg-bas	1
wcfg	1
mixture-event-aspect	1
best-first	1
antholog	1
blinker	1
dead	1
convert	1
continuous-spac	1
mira	1
restart	1
large³	1
exophora	1
author/read	1
fingertip	1
kazakh	1
max-viol	1
userid	1
pcfg-la	1
ubertag	1
passiv	1
sentiwordnet	1
early-termin	1
disrupt	1
scent	1
starbuck	1
analyt	1
opportun	1
commerci	1
neurotic	1
colleg	1
walk-bas	1
eleph	1
verbcorn	1
hygien	1
pseudepigraph	1
lack	1
knapsack	1
yahoo	1
on-the-fli	1
els	1
resource-limit	1
patient-doctor	1
entity-driven	1
newspap	1
debatepedia	1
micro-messag	1
out-of-the-box	1
multi-teraflop	1
fish	1
miracl	1
offer	1
well-argu	1
image-bas	1
victori	1
uphil	1
battl	1
optima	1
author-control	1
excel	1
sparser	1
gpu	1
context-count	1
context-predict	1
unattest	1
topic-model	1
gb-ground	1
ambiguity-awar	1
single-ag	1
renew	1
decision-theoret	1
omni-word	1
frequency-driven	1
motif	1
contigu	1
hter	1
open-i	1
query-chain	1
chance-correct	1
bigger	1
bitaxonomi	1
complement	1
cross-narr	1
language-awar	1
sick	1
dude	1
timescal	1
step-wis	1
usage-bas	1
polysemy-awar	1
filler-gap	1
editor	1
skip	1
kneser	1
ney	1
copula	1
multi-structur	1
youtub	1
unbalanc	1
morphology-bas	1
cosimrank	1
wampimuk	1
sense-bas	1
instructor’	1
pinyin-to-chines	1
typo	1
adher	1
connotationwordnet	1
word+sens	1
p-valu	1
crossword	1
infus	1
joint-context	1
rudimentari	1
renaiss	1
interesting	1
constituent-bas	1
syntax-label	1
wors	1
sinc	1
climb	1
renoun	1
werdi	1
arc-factor	1
i-vector	1
multiple-inst	1
people’	1
document-inform	1
right-hand	1
query-specif	1
homoglyph	1
1300+	1
reaper	1
referitgam	1
vt-n	1
corpus-wid	1
supertag-factor	1
greed	1
telegraph	1
entity-seek	1
poll	1
weibo	1
pseudo-monolog	1
+/-effectwordnet	1
sentiment-align	1
confidence-bas	1
anchor-bas	1
cost-aug	1
until	1
final	1
wait	1
immigr	1
device-depend	1
citation-enhanc	1
plagiar	1
verifi	1
sensicon	1
sensori	1
glove	1
aspect-rel	1
manhattan	1
encoder–decod	1
sometim	1
mwe	1
econom	1
muli-label	1
#tagspac	1
domain-relev	1
zore	1
type-awar	1
ctps	1
or-bas	1
manifest	1
self-disclosur	1
congratulations/condol	1
brighter	1
connective-driven	1
prune-and-scor	1
pass	1
multigrancnn	1
sensemb	1
multi-pool	1
btg	1
answer-entail	1
pollut	1
delv	1
cross-spac	1
knowledge-intens	1
factoid-bas	1
s-mart	1
triple-bas	1
chronicl	1
schbase	1
sentiment-aspect	1
boltzmann	1
omnia	1
mutantur	1
nihil	1
interit	1
trans-dimension	1
pre-reord	1
wikikr	1
stub	1
if-this-then-that	1
nl2kr	1
string-valu	1
c-phrase	1
environment-driven	1
ironi	1
dual-view	1
bags-of-word	1
human-ag	1
want	1
dislik	1
rover	1
becom	1
coach	1
frame-to-fram	1
discourse-sensit	1
stage	1
overnight	1
tag-specif	1
tea	1
parti	1
ideal	1
republican	1
112th	1
congress	1
kb-lda	1
s-graph	1
overcomplet	1
gencnn	1
speakers’	1
harbing	1
betray	1
caught	1
cold	1
teamwork	1
unord	1
solar	1
autoextend	1
lexem	1
coactiv	1
supertag-context	1
aida2	1
mert	1
pro	1
projection-bas	1
variable-s	1
cross-situ	1
traceabl	1
romanc	1
spinal	1
troll	1
wavelet	1
packet	1
reconstruction-error	1
role-fil	1
becaus	1
generative/discrimin	1
cookin’	1
topiccheck	1
frenemi	1
multitap	1
fsts	1
straw	1
self-norm	1
context-label	1
human/human	1
leaflet	1
multi-synchron	1
lexicon-fre	1
cheezburg	1
nonparanorm	1
meme	1
facebook	1
in-depth	1
idealog	1
temporally-anchor	1
trimming-bas	1
déjà	1
image-capt	1
“close	1
optimal”	1
lcct	1
nasari	1
semantically-awar	1
inter-slot	1
diamond	1
rough	1
shoestr	1
even	1
cheaper	1
unreason	1
case-studi	1
ilp-bas	1
besid	1
bechdel	1
aphas	1
penal	1
antonym	1
non-explanatori	1
english-iraqi	1
apro	1
all-pair	1
search-ori	1
socially-inform	1
wheel	1
entertain	1
idest	1
edge-factor	1
bag-of-word	1
scan	1
lachmannian	1
archetyp	1
manuscript	1
gap-weight	1
frequent	1
lcfrs	1
densif	1
#whyistay	1
#whyileft	1
two/too	1
fragmentari	1
mpqa	1
3.0	1
everyon	1
gpu-friend	1
iaa-weight	1
cassa	1
cross-corpus	1
unedit	1
polymorph	1
newsworthi	1
sumerian	1
veterinari	1
reser	1
awesometast	1
topic-depend	1
euphoni	1
readers’	1
60-bit	1
“you’r	1
lebowski	1
i’m	1
dude”	1
graph-to-str	1
convnet	1
lingual	1
brae	1
cross-media	1
current	1
non-lex	1
arriv	1
log-gaussian	1
cox	1
pre-comput	1
feather	1
density-driven	1
citation-context	1
article’	1
accross	1
kb	1
“a	1
spousal	1
begin	1
divorce”	1
ldtm	1
thread-level	1
image-medi	1
condition-opinion	1
biography-depend	1
top-k	1
listnet	1
sieve-bas	1
bennet	1
his	1
coachman	1
archbishop	1
bar	1
tsdpmm	1
component-enhanc	1
predictions-as-featur	1
c3el	1
finet	1
add	1
auto-s	1
mst-style	1
relli	1
mise	1
en	1
sarcast	1
trusti	1
synonym/contrast	1
fast_align	1
touch-bas	1
pre-post-edit	1
reval	1
personality-awar	1
trans-gram	1
marked	1
consistency-awar	1
unwant	1
pregnanc	1
content-heavi	1
inner-to-out	1
foreebank	1
diagram	1
weakly-rel	1
mold	1
non-consecut	1
exploratori	1
semidefinit	1
word-top	1
reverse-engin	1
core	1
along	1
leave-one-out	1
garbag	1
collector	1
ghostwrit	1
rap	1
krimp	1
realworld	1
lcsts	1
reconsid	1
normat	1
wikiqa	1
react	1
usernam	1
any-languag	1
variable-length	1
hyper-paramet	1
geotag	1
customer-to-custom	1
content-level	1
repost	1
fatal	1
breakdown	1
chat-ori	1
everyday	1
lem	1
hungarian	1
multi-timescal	1
nonverb	1
real-lif	1
ersom	1
horizon	1
auditori	1
habitu	1
three-way	1
tableau	1
jeam	1
phrasernn	1
astd	1
slsa	1
theta	1
annoy	1
#petpeev	1
#supportthecaus	1
twitter-scal	1
k-term	1
frontier	1
multi-media	1
prefix-constrain	1
liber	1
bi-transf	1
faction	1
degre	1
branch-and-bound	1
locally-train	1
stand	1
parallel-hierarch	1
cse	1
docchat	1
satisf	1
30m	1
instal	1
multi-foc	1
arasenti	1
twitter-specif	1
multi-author	1
if-then	1
cfo	1
non-finit	1
tree-to-sequ	1
sum	1
ptb-style	1
cbow	1
unanim	1
persona-bas	1
agreement-bas	1
job-rel	1
well-b	1
lstm-cnns-crf	1
synthes	1
o_2	1
mcfl	1
alto	1
rise	1
prospect	1
words-as-classifi	1
rbpb	1
non-restrict	1
inner	1
larger-context	1
sequence-bas	1
lexsemtm	1
lambada	1
wikiread	1
stack-propag	1
user-environ	1
extrapol	1
took	1
gaggl	1
goos	1
clause-level	1
photo	1
problem-reduct	1
macaron	1
allevi	1
mutt	1
set-theoret	1
softmax	1
asl	1
facial	1
edge-linear	1
undirect	1
“babies”	1
“little”	1
“problems”	1
“huge”	1
psychometric-inspir	1
timebank	1
merrier	1
multi-anteced	1
transg	1
couplet	1
thorough	1
cnn/daili	1
mail	1
non-arbitrari	1
form-mean	1
string-metr	1
+-20year	1
+-data	1
+-featur	1
+-multimod	1
+-bioplaus	1
context2vec	1
sentence-fin	1
redefin	1
‘friends’	1
prefix-bas	1
conclus	1
non-redund	1
entity-balanc	1
plsa	1
oxford-styl	1
counter-fit	1
hole	1
white	1
rabbit	1
expectation-driven	1
last	1
gist	1
drop-out	1
huge	1
expectation-regul	1
target-bidirect	1
werewolf	1
intra-top	1
hyperprior	1
strans	1
cardin	1
valence-arous	1
deconstruct	1
sub-task	1
pun-derstand	1
openstreetmap	1
inter-docu	1
ultradens	1
actor-view	1
speaker-view	1
best–worst	1
interlingua	1
max-pool	1
speed-constrain	1
dag-structur	1
interpretes	1
interlock	1
ancillari	1
aave-lik	1
pic	1
right-truncat	1
mawp	1
data-set	1
bira	1
exchang	1
degen	1
noise-contrast	1
primt	1
pick-revis	1
k-embed	1
byte	1
coars	1
creol	1
genesi	1
sense-specif	1
mgnc-cnn	1
feud	1
former	1
structure-label	1
on-go	1
eventstatus	1
epiread	1
connective-bas	1
lifelong-rl	1
memory-enhanc	1
tweetim	1
checklist	1
paccss-it	1
complex-simpl	1
bilinear	1
violat	1
irt-bas	1
surrog	1
iq	1
knowledge-pow	1
memory-network	1
characteristic-rich	1
wordrank	1
dogmat	1
lamb	1
shepherd	1
rationale-aug	1
riddl	1
visual-linguist	1
non-visu	1
false-premis	1
sort	1
jumbl	1
encoding-decod	1
gun	1
violenc	1
recept	1
gram	1
simplesci	1
sluic	1
speech-to-transl	1
hume	1
ucca-bas	1
poet	1
admit	1
//	1
mute	1
cypher	1
enciph	1
finger	1
users’	1
afet	1
goal-direct	1
team	1
socially-infus	1
long-short	1
charagram	1
string-bas	1
mixkmean	1
tango	1
theme-rewrit	1
de-confl	1
coupled-lstm	1
scotus	1
margin-infus	1
recap	1
softwar	1
degeneracy-bas	1
surround	1
non-uniform	1
infobox	1
enembl	1
speed-accuraci	1
allow	1
brainbench	1
brain-imag	1
‘well-being’	1
fanfict	1
psychodemograph	1
self-refer	1
proverb	1
roll-cal	1
fomc	1
treasuri	1
there’	1
snapshot	1
such	1
hearst	1
simverb-3500	1
poli	1
person-cent	1
a/b	1
backtrack	1
inside-out	1
guarante	1
100,000+	1
morph-fit	1
zipf	1
vers	1
micro-plann	1
self-match	1
cross-attent	1
neurales	1
foil	1
multi-spac	1
disagre	1
inter-top	1
general-purpos	1
word-lik	1
audio-visu	1
ctc/attent	1
mors	1
semantic-	1
drive-n	1
segment-	1
attention-over-attent	1
affect-lm	1
sequence-to-depend	1
emonet	1
textflow	1
rivalri	1
tryst	1
stancetak	1
tandem	1
limb	1
connective-exploit	1
query-bas	1
positionrank	1
ture	1
multi-criteria	1
vancouv	1
welcom	1
stale	1
non-task-ori	1
onlg	1
user-desir	1
constituent-centr	1
empath	1
malwaretextdb	1
watset	1
triviaqa	1
portray	1
disclosur	1
cane	1
colloqui	1
singaporean	1
noncross	1
tracker	1
lda-bas	1
gated-attent	1
seamless	1
downstream	1
skim	1
doubly-attent	1
ontology-awar	1
1950s	1
jazz	1
musician	1
isa	1
pre-univers	1
roc	1
top-rank	1
listwis	1
knowledge-enhanc	1
configur	1
class-specif	1
possibl	1
sentiment-ori	1
stocktwit	1
covert	1
flux	1
syntax-agnost	1
fast(er	1
quasi-second-ord	1
train-o-mat	1
misti	1
descriptor	1
dialectolog	1
obj2text	1
affinity-preserv	1
ngram2vec	1
dict2vec	1
glyph	1
subcharact	1
high-risk	1
vecshar	1
re-embed	1
retent	1
muse	1
lstm-network	1
adagrad	1
author-awar	1
magnet	1
bear	1
lookup	1
deeppath	1
hint	1
mad	1
lib	1
scdv	1
throw	1
those	1
sub-charact	1
print	1
word-context	1
race	1
sound-word2vec	1
promis	1
contin	1
hierarchically-attent	1
audienc	1
eye-mov	1
unbias	1
pacrr	1
moder	1
outta	1
user-factor	1
inter-weight	1
idiom-awar	1
macro	1
stack-lstm	1
group-level	1
rst-dt	1
‘it’	1
argument-bas	1
here’	1
lattice-to-sequ	1
finer	1
civilian	1
kill	1
entity-ev	1
“i	1
feel	1
trump	1
win..................”	1
winner	1
loser	1
any-domain	1
phrase-structur	1
arboresc	1
stack-bas	1
kgeval	1
soft-label	1
noise-toler	1
noise-clust	1
arm	1
quantum	1
reference-awar	1
syllable-awar	1
micro-clust	1
crowd-in-the-loop	1
many-task	1
earth	1
unfold	1
fine	1
essenc	1
syntacto-discours	1
modulo	1
steer	1
content-introduc	1
data-to-docu	1
likeli	1
media-bas	1
substanc	1
demographic-awar	1
agenc	1
abandon	1
agent-awar	1
dqn	1
safe	1
innit	1
telic	1
cybercrim	1
marketplac	1
mini	1
nite	1
interfer	1
generaliz	1
multi-modular	1
domain-tailor	1
post-correct	1
deviat	1
provis	1
version	1
dull	1
hardwar	1
cpu	1
strang	1
feed-forward	1
doc	1
charmanteau	1
first-episod	1
schizophrenia	1
topic-bas	1
elector	1
zipporah	1
web-crawl	1
‘naturally’	1
self-harm	1
amplif	1
fasttext	1
la	1
cart	1
triangular	1
ultra-fin	1
swap-net	1
arous	1
20,000	1
inquiri	1
hyperpartisan	1
counterargu	1
linknb	1
multi-graph	1
nearbi	1
sentence-st	1
table-awar	1
shrg-base	1
word-embedding-bas	1
paranmt-50m	1
push	1
event2mind	1
dsgan	1
tds	1
mgbank	1
l-select	1
tutorialbank	1
manually-collect	1
evalaut	1
reinforce-select	1
layer-specif	1
moral	1
foundat	1
structva	1
sequence-to-act	1
delight	1
multi-paragraph	1
action-effect	1
target-sensit	1
sentiment-to-senti	1
in-between	1
icd	1
tdnn	1
prompt-independ	1
mojitalk	1
taylor’	1
straight	1
dozen	1
explic	1
noun-compound	1
x-factor	1
melbourn	1
geocod	1
enterpris	1
multi-axi	1
dialsql	1
gone	1
awri	1
hitchhiker’	1
stack-point	1
mainstream	1
syntax-sensit	1
sequic	1
global-loc	1
mem2seq	1
isomorph	1
unari	1
gtr-lstm	1
tripl	1
rdf	1
move-by-mov	1
duorc	1
backpropag	1
argmax	1
spigot	1
cross-passag	1
deep-spear	1
neuralreg	1
nash	1
qa-srl	1
single-step	1
marri	1
cram	1
$&!#*	1
dog	1
pet	1
cmu-mosei	1
modality-specif	1
disconnect	1
window	1
soul	1
multi-input	1
hyperdoc2vec	1
entity-duet	1
adventur	1
semaxi	1
domain-sensit	1
sentiment-awar	1
hand	1
delib	1
alt-text	1
imageri	1
multi-speak	1
meta-bilstm	1
in-pars	1
object-ori	1
oonp	1
encephalographi	1
“again”	1
adverbi	1
embedded-st	1
trio	1
corpus-driven	1
regularis	1
transposit	1
pervas	1
churn	1
500k	1
appear	1
procrust	1
salient-clu	1
restaur	1
wordlist	1
spare	1
predefin	1
upcycl	1
post-ocr	1
romanis	1
vectori	1
dimsim	1
editori	1
earp	1
over-sensit	1
over-st	1
perhap	1
partner	1
label-awar	1
cross-specialti	1
hierarchy-awar	1
formant	1
fortif	1
polysynthet	1
pleas	1
clap	1
applaus	1
aliv	1
authent	1
dear	1
sir	1
madam	1
gyafc	1
melody-condit	1
discourse-awar	1
content-bas	1
craft	1
quickedit	1
tempo-lex	1
cross-sess	1
name-cal	1
hominem	1
fallaci	1
attr2vec	1
diagon	1
post-specialis	1
srl4orl	1
backtransl	1
meaning-bas	1
psycho-demograph	1
newsroom	1
1.3	1
api	1
text-enhanc	1
deepalign	1
fever	1
self-attend	1
full-abstract	1
noise-robust	1
temporal-recurrent-replicated-softmax	1
elid	1
syntax-semant	1
english-amr	1
colorless	1
green	1
foresight	1
lematus	1
subword-awar	1
slang	1
dr-bilstm	1
kbgan	1
bifoc	1
clicr	1
deconfound	1
denial-of-servic	1
peerread	1
topic-ori	1
egregi	1
elden	1
densifi	1
court	1
complic	1
warrant	1
interview	1
profici	1
lsdscc	1
emr	1
semi-parametr	1
instabl	1
dyadic	1
time-decay	1
debunk	1
evidence-awar	1
okay	1
gang-involv	1
escal	1
swag	1
twowingo	1
two-w	1
evidenti	1
game-bas	1
video-context	1
simnet	1
stepwis	1
image-top	1
multistag	1
preco	1
preschool	1
cluster-consist	1
cluse	1
wikiatomicedit	1
codemix	1
stabl	1
troublesom	1
xl-nbt	1
non-adversari	1
semi-autoregress	1
norma	1
mtnt	1
simplequest	1
near	1
upperbound	1
phrase-index	1
chase	1
zoom-in	1
hard-attent	1
pessim	1
agreement/disagr	1
in-class	1
bidirectional-asynchron	1
auto-dialabel	1
suitabl	1
s2spmn	1
well-form	1
self-govern	1
hft-cnn	1
coherence-awar	1
intrus	1
switchout	1
word-by-word	1
sql-to-text	1
neural-davidsonian	1
proto-rol	1
decision-mak	1
king’	1
annal	1
joseon	1
dynasti	1
rigor	1
pubs	1
homepag	1
parameter	1
nike	1
locus	1
somm	1
health-rel	1
remark	1
user-level	1
lexical-bas	1
population-level	1
time-lin	1
resid	1
valency-aug	1
in-ord	1
tell-and-answ	1
opportunist	1
recipeqa	1
tvqa	1
card-660	1
cambridg	1
co-attent	1
weed	1
convention	1
shot	1
apart	1
noun–noun	1
dissect	1
odd	1
semregex	1
semantics-bas	1
decoupl	1
programmat	1
syntaxsqlnet	1
deepcx	1
wikisql	1
hsic	1
context-driven	1
document-queri	1
clir	1
ad3	1
dater	1
gromov-wasserstein	1
cross-view	1
hyte	1
hyperplane-bas	1
yelp	1
type-compat	1
attention-guid	1
state-transit	1
multi-answ	1
logician	1
orat	1
memoread	1
inner-sent	1
graph-stat	1
label-fre	1
possessor	1
artwork	1
subgoal	1
teacher	1
emrqa	1
hotpotqa	1
armor	1
conduct	1
electr	1
xnli	1
endless	1
weca	1
wordnet-encod	1
collocation-attent	1
hypernet	1
depth-bound	1
session-level	1
glass	1
ceil	1
safec	1
wikiconv	1
bilstm-crf	1
cell	1
logograph	1
one-to-mani	1
concentr	1
divert	1
self-adapt	1
temperatur	1
curs	1
re-)scor	1
multi-multi-view	1
multi-represent	1
same-sourc	1
autoregress	1
multi-refer	1
pseudo-refer	1
policy-bas	1
hawk	1
lrmm	1
genre-awar	1
likabl	1
permutation-invari	1
iarm	1
inter-aspect	1
limbic	1
author-bas	1
inter-mod	1
cross-platform	1
vagu	1
cvae	1
agenda-set	1
intric	1
youtube’	1
vlogger	1
carer	1
calc	1
patholog	1
banditsum	1
word-complex	1
l2-l1	1
airdialogu	1
quas	1
operation-guid	1
maxout	1
spider	1
human-label	1
answer-focus	1
diversifi	1
entity-awar	1
text-imag	1
closed-book	1
april	1
msmo	1
edu-bas	1
human-read	1
nil-awar	1
twin-gat	1
skeleton-bas	1
nexus	1
“hearer-old”	1
“fetch”	1
nonstandard	1
growth	1
swear	1
vulgar	1
swish	1
forbackward	1
shuttl	1
chargrid	1
paralleliz	1
nprf	1
ad-hoc	1
co-stack	1
spheric	1
mean-max	1
semantic-unit-bas	1
mcapsnet	1
uncertainty-awar	1
preval	1
high-rank	1
auto-correl	1
graphbtm	1
biterm	1
psychometr	1
lexicosyntact	1
fofe	1
empathi	1
distress	1
label-wis	1
pariti	1
fewrel	1
layer-wis	1
gender-neutr	1
bilm	1
inferlit	1
bayes-by-backprop	1
bi-lstm	1
sandhi	1
seq2(seq)2	1
lemmatag	1
brnns	1
hawaiian	1
bq	1
unusu	1
multiwoz	1
interaction-over-interact	1
deliber	1
spatio-tempor	1
sequence-to-graph	1
non-)util	1
bilstm-bas	1
tag-set	1
reliability-awar	1
non-isometr	1
dihedr	1
non-contextu	1
outperform	1
c-test	1
conceal	1
evidence-bas	1
could	1
save	1
time-out	1
referenc	1
analysts’	1
meld	1
self-supervis	1
doer	1
cross-shar	1
term-polar	1
moroco	1
moldavian	1
“onesec”	1
sense-annot	1
sp-10k	1
wind	1
errudit	1
testabl	1
docr	1
chid	1
markabl	1
opendialkg	1
knowledge-awar	1
grant	1
artifact	1
gear	1
sherliic	1
event-focus	1
counselor	1
mental	1
healthcar	1
assert	1
head-qa	1
surrogaci	1
adopt	1
bitcoin	1
cryptocurr	1
emotion-caus	1
invent	1
determinant	1
multi-new	1
obfusc	1
deepsentip	1
conversational-context	1
linearis	1
crowd-sourc	1
context-specif	1
deixi	1
language-sensit	1
ignor	1
domain-data	1
clean-data	1
“co-curricular	1
learning”	1
lookback	1
entity-rel	1
multiple-rel	1
one-pass	1
arnor	1
graphrel	1
diag-nr	1
diagnosi	1
erni	1
multi-digraph	1
quaternion	1
lossless	1
gender-preserv	1
unintend	1
racial	1
lstmemb	1
undesir	1
spherer	1
hyperspher	1
multi-featur	1
multi-dialect	1
phoneme-level	1
vision-and-languag	1
photobook	1
visually-ground	1
pre-learn	1
aspect-awar	1
paperrobot	1
draft	1
topic-to-essay	1
ensur	1
data-fidel	1
head-modifi	1
table-to-text	1
syntax-infus	1
talksumm	1
biset	1
bigpat	1
deduc	1
multi-styl	1
e3	1
entailment-driven	1
xqa	1
positive-unlabel	1
gcdt	1
varianc	1
#youtoo	1
recollect	1
stratif	1
forpolit	1
spoiler	1
celebr	1
homophili	1
meta	1
shortcut	1
non-obvi	1
re-entri	1
conan	1
counter	1
nichesourc	1
fight	1
owner	1
staff	1
intend	1
fiesta	1
transformer-xl	1
fixed-length	1
stacl	1
anticip	1
latenc	1
prefix-to-prefix	1
cognet	1
minimum-cost	1
ugarit	1
girl	1
neko	1
shōjo	1
maam	1
morphology-awar	1
jw300	1
hyperbol	1
poincaré	1
antonym’	1
siamese-lik	1
vmf-mixtur	1
delta	1
aspectu	1
bert-bas	1
highr	1
highlight-bas	1
editnt	1
diagnos	1
women’	1
resili	1
men’	1
luck	1
gender-bia	1
bpe	1
eli5	1
open-set	1
object-level	1
consider	1
deploy	1
yourself	1
recosa	1
retrieval-enhanc	1
proactiv	1
co-teach	1
fruit	1
jump	1
around	1
seq2seq	1
child’	1
knowref	1
stre	1
lion	1
ii	1
fun-tun	1
agnost	1
hubless	1
f1	1
tig	1
infil	1
note	1
scratchpad	1
florenc	1
visitor	1
unanswer	1
necessit	1
kbs	1
adansp	1
uncertainty-driven	1
illeg	1
darknet	1
near-impercept	1
doubli	1
bleu:train	1
automl	1
delta-represent	1
a2n	1
episod	1
rememb	1
debia	1
dense-spars	1
sesam	1
dissent	1
sparc	1
eigens	1
sembleu	1
muppet	1
conserv	1
glue	1
graphbank	1
smatch	1
rediscov	1
_obviously_	1
yes	1
presidenti	1
comet	1
hellaswag	1
parent	1
trick	1
interconnect	1
multiqa	1
resource-fre	1
kind	1
language-model	1
complaint	1
tweetqa	1
verac	1
hibert	1
irregular	1
affirm	1
deep-ag	1
nne	1
sequence-to-nugget	1
anchor-region	1
leaderboard	1
pharmacovigil	1
sequence-to-set	1
confusion-awar	1
rank-awar	1
span-level	1
ptb	1
prism	1
label-agnost	1
empathet	1
each	1
minecraft	1
meta-word	1
consolid	1
interrel	1
sumbt	1
slot-utter	1
reapprais	1
atis-bas	1
neural-bas	1
eleg	1
mislead	1
partial-input	1
dedupl	1
video-ground	1
target-guid	1
full-coverag	1
word2sens	1
neuron	1
pathway	1
check-up	1
confusionset-guid	1
de-identif	1
model-agnost	1
transport-bas	1
bam	1
born-again	1
curat	1
barack’	1
wife	1
hillari	1
fact-awar	1
answer-agnost	1
storyboard	1
rankqa	1
nlprolog	1
intra-rel	1
roundtrip	1
red	1
rose	1
mcˆ2	1
wetin	1
dey	1
nigerian	1
numeracy-600k	1
eu	1
didn’t	1
relevance-bas	1
lifestyl	1
vlog	1
codraw	1
draw	1
vifidel	1
conclud	1
chest	1
x-ray	1
how2	1
language-elicit	1
high-resourc	1
unexpect	1
innov	1
untransl	1
audiocap	1
“presid	1
vow	1
<taxes>	1
hair”	1
answer-bas	1
copy-aug	1
topic-guid	1
chomsky-schützenberg	1
phylogen	1
stack-fre	1
cross-corpora	1
ud	1
schedul	1
kl	1
vanish	1
ellipt	1
incorrect	1
comqa	1
community-sourc	1
freebaseqa	1
trivia-styl	1
joint-scor	1
retriever-read	1
uhop	1
unrestricted-hop	1
locally-aggreg	1
vlaw	1
higru	1
rew	1
pre-specifi	1
advice-seek	1
angle:discov	1
imho	1
image-text	1
discern	1
clevr-dialog	1
multi-round	1
outsid	1
lipstick	1
pig	1
caucasian	1
multiclass	1
frown	1
frodo	1
winc	1
leia	1
great	1
struggl	1
seqˆ3	1
sequence-to-sequence-to-sequ	1
viabl	1
sub-ev	1
graphi	1
openki	1
impos	1
label-rel	1
description-bas	1
pomo	1
entity-specif	1
post-modifi	1
courteous	1
coeffici	1
feature-awar	1
word-node2vec	1
knowledge-aug	1
syntax-enhanc	1
competence-bas	1
rethink	1
skeleton-to-respons	1
wic	1
word-in-context	1
rebutt	1
invis	1
paw	1
scrambl	1
single-corpus	1
star-transform	1
offens	1
cybersecur	1
white-to-black	1
sever	1
threat	1
fora	1
knowledge-driven	1
tree-lstm	1
client	1
silver	1
phenotype-gen	1
shield	1
something’	1
brew	1
controversy-caus	1
perman	1
enemi	1
streamlin	1
three-tier	1
glocal	1
checkpoint	1
vqd	1
excl	1
clip	1
intra-word	1
must-c	1
immedi	1
derogatori	1
embarrass	1
potter	1
inocul	1
mask	1
community-bas	1
attentivecheck	1
doc2hash	1
soft-text	1
step-by-step	1
coqa	1
post-train	1
mathqa	1
operation-bas	1
sc-lstm	1
distantly-label	1
subject-verb	1
self-discrimin	1
target-fus	1
exemplar-bas	1
closer	1
guesswhat	1
environment	1
semantically-align	1
vcwe	1
character-enhanc	1
acoustic-to-word	1
disfluent	1
cnn	1
intra-bag	1
inter-bag	1
posterior-regular	1
instance-level	1
review-driven	1
richer-but-smart	1
boolq	1
yes/no	1
repurpos	1
genderqu	1
mention-level	1
gendered	1
shoot	1
long-tail	1
semi-dist	1
opencer	1
complexity-weight	1
open-end	1
non-trivi	1
bangla	1
oblivi	1
svcca	1
conceptor	1
out-of-rel	1
can-ner	1
discofus	1
discourse-bas	1
subword-bas	1
autosem	1
text-adventur	1
routing-by-agr	1
pair2vec	1
crowdfund	1
whack-a-mol	1
multiscal	1
decay-function-fre	1
affect-driven	1
structurally-constrain	1
synonym–antonym	1
delexicalis	1
teaser	1
cross-referenc	1
idiosyncrasi	1
bit	1
cnm	1
complex-valu	1
commonsenseqa	1
protect	1
